confirmedCount,confirmedIncr,curedCount,curedIncr,currentConfirmedCount,currentConfirmedIncr,dateId,deadCount,deadIncr,highDangerCount,midDangerCount,suspectedCount,suspectedCountIncr
4,4,0,0,4,4,20200121,0,0,0,0,0,0
4,0,0,0,4,0,20200122,0,0,0,0,0,0
5,1,0,0,5,1,20200123,0,0,0,0,0,0
11,6,0,0,11,6,20200124,0,0,0,0,0,0
23,12,0,0,23,12,20200125,0,0,0,0,0,0
27,4,0,0,27,4,20200126,0,0,0,0,0,0
37,10,0,0,37,10,20200127,0,0,0,0,0,0
56,19,0,0,56,19,20200128,0,0,0,0,0,0
68,12,0,0,68,12,20200129,0,0,0,0,0,0
82,14,0,0,82,14,20200130,0,0,0,0,0,0
106,24,0,0,106,24,20200131,0,0,0,0,0,0
132,26,0,0,132,26,20200201,0,0,0,0,0,0
146,14,0,0,145,13,20200202,1,1,0,0,0,0
153,7,0,0,152,7,20200203,1,0,0,0,0,0
159,6,0,0,158,6,20200204,1,0,0,0,0,0
191,32,0,0,190,32,20200205,1,0,0,0,0,0
216,25,0,0,215,25,20200206,1,0,0,0,0,0
270,54,0,0,269,54,20200207,1,0,0,0,0,0
288,18,0,0,287,18,20200208,1,0,0,0,0,0
307,19,0,0,306,19,20200209,1,0,0,0,0,0
319,12,0,0,318,12,20200210,1,0,0,0,0,0
395,76,0,0,394,76,20200211,1,0,0,0,0,0
441,46,0,0,440,46,20200212,1,0,0,0,0,0
447,6,0,0,446,6,20200213,1,0,0,0,0,0
505,58,0,0,503,57,20200214,2,1,0,0,0,0
526,21,0,0,524,21,20200215,2,0,0,0,0,0
683,157,0,0,680,156,20200216,3,1,0,0,0,0
794,111,0,0,791,111,20200217,3,0,0,0,0,0
804,10,0,0,801,10,20200218,3,0,0,0,0,0
924,120,0,0,921,120,20200219,3,0,0,0,0,0
1073,149,0,0,1065,144,20200220,8,5,0,0,0,0
1200,127,0,0,1192,127,20200221,8,0,0,0,0,0
1402,202,0,0,1391,199,20200222,11,3,0,0,0,0
1769,367,0,0,1752,361,20200223,17,6,0,0,0,0
2069,300,0,0,2046,294,20200224,23,6,0,0,0,0
2459,390,0,0,2425,379,20200225,34,11,0,0,0,0
2918,459,0,0,2874,449,20200226,44,10,0,0,0,0
3664,746,0,0,3607,733,20200227,57,13,0,0,0,0
4691,1027,0,0,4624,1017,20200228,67,10,0,0,0,0
6009,1318,0,0,5923,1299,20200229,86,19,0,0,0,0
7169,1160,0,0,7065,1142,20200301,104,18,0,0,0,0
8774,1605,0,0,8646,1581,20200302,128,24,0,0,0,0
10566,1792,0,0,10400,1754,20200303,166,38,0,0,0,0
12669,2103,0,0,12455,2055,20200304,214,48,0,0,0,0
14758,2089,0,0,14492,2037,20200305,266,52,0,0,0,0
17480,2722,0,0,17145,2653,20200306,335,69,0,0,0,0
21113,3633,0,0,20700,3555,20200307,413,78,0,0,0,0
24726,3613,0,0,24242,3542,20200308,484,71,0,0,0,0
28672,3946,0,0,27986,3744,20200309,686,202,0,0,0,0
32776,4104,0,0,31904,3918,20200310,872,186,0,0,0,0
37362,4586,0,0,36232,4328,20200311,1130,258,0,0,0,0
44277,6915,0,0,42837,6605,20200312,1440,310,0,0,0,0
51763,7486,0,0,49988,7151,20200313,1775,335,0,0,0,0
61862,10099,0,0,59657,9669,20200314,2205,430,0,0,0,0
73428,11566,9019,9019,61863,2206,20200315,2546,341,0,0,0,0
87995,14567,10181,1162,74405,12542,20200316,3409,863,0,0,0,0
100297,12302,11945,1764,83990,9585,20200317,4362,953,0,0,0,0
114160,13863,13324,1379,96060,12070,20200318,4776,414,0,0,0,0
161336,47176,16659,3335,138017,41957,20200319,6660,1884,0,0,0,0
189913,28577,19436,2777,162485,24468,20200320,7992,1332,0,0,0,0
222109,32196,22683,3247,189785,27300,20200321,9641,1649,0,0,0,0
253094,30985,24605,1922,217239,27454,20200322,11250,1609,0,0,0,0
291611,38517,27223,2618,251400,34161,20200323,12988,1738,0,0,0,0
335966,44355,34244,7021,286292,34892,20200324,15430,2442,0,0,0,0
380594,44628,39134,4890,323896,37604,20200325,17564,2134,0,0,0,0
444231,63637,47032,7898,376910,53014,20200326,20289,2725,0,0,0,0
498468,54237,49865,2833,425186,48276,20200327,23417,3128,0,0,0,0
567960,69492,63982,14117,477122,51936,20200328,26856,3439,0,0,0,0
630574,62614,70692,6710,529636,52514,20200329,30246,3390,0,0,0,0
682397,51823,80262,9570,568656,39020,20200330,33479,3233,0,0,0,0
760346,77949,90728,10466,631479,62823,20200331,38139,4660,0,0,0,0
835892,75546,106140,15412,686949,55470,20200401,42803,4664,0,0,0,0
913485,77593,116976,10836,748563,61614,20200402,47946,5143,0,0,0,0
1000734,87249,130098,13122,816741,68178,20200403,53895,5949,0,0,0,0
1079699,78965,148303,18205,870760,54019,20200404,60636,6741,0,0,0,0
1155091,75392,161091,12788,928750,57990,20200405,65250,4614,0,0,0,0
1222299,67208,167490,6399,985357,56607,20200406,69452,4202,0,0,0,0
1300989,78690,187837,20347,1035296,49939,20200407,77856,8404,0,0,0,0
1381160,80171,240563,52726,1057239,21943,20200408,83358,5502,0,0,0,0
1471674,90514,262077,21514,1118119,60880,20200409,91478,8120,0,0,0,0
1558596,86922,283071,20994,1178006,59887,20200410,97519,6041,0,0,0,0
1640754,82158,309410,26339,1226718,48712,20200411,104626,7107,0,0,0,0
1711566,70812,324209,14799,1277763,51045,20200412,109594,4968,0,0,0,0
1790176,78610,349929,25720,1324489,46726,20200413,115758,6164,0,0,0,0
1855317,65141,375087,25158,1358038,33549,20200414,122192,6434,0,0,0,0
1935180,79863,412205,37118,1392930,34892,20200415,130045,7853,0,0,0,0
2017137,81957,438608,26403,1438931,46001,20200416,139598,9553,0,0,0,0
2103535,86398,469609,31001,1485751,46820,20200417,148175,8577,0,0,0,0
2189560,86025,498019,28410,1536845,51094,20200418,154696,6521,0,0,0,0
2262047,72487,518292,20273,1583815,46970,20200419,159940,5244,0,0,0,0
2338824,76777,553841,35549,1620349,36534,20200420,164634,4694,0,0,0,0
2428834,90010,579139,25298,1677785,57436,20200421,171910,7276,0,0,0,0
2491222,62388,615779,36640,1697685,19900,20200422,177758,5848,0,0,0,0
2580363,89141,642848,27069,1752170,54485,20200423,185345,7587,0,0,0,0
2656588,76225,685768,42920,1779835,27665,20200424,190985,5640,0,0,0,0
2764125,107537,713891,28123,1852918,73083,20200425,197316,6331,0,0,0,0
2820384,56259,741826,27935,1877306,24388,20200426,201252,3936,0,0,0,0
2891065,70681,768468,26642,1916842,39536,20200427,205755,4503,0,0,0,0
2967071,76006,810842,42374,1943620,26778,20200428,212609,6854,0,0,0,0
3034609,67538,848212,37370,1969093,25473,20200429,217304,4695,0,0,0,0
3123343,88734,884784,36572,2010946,41853,20200430,227613,10309,0,0,0,0
3216267,92924,955438,70654,2027555,16609,20200501,233274,5661,0,0,0,0
3293602,77335,1005709,50271,2049788,22233,20200502,238105,4831,0,0,0,0
3374911,81309,1036798,31089,2096174,46386,20200503,241939,3834,0,0,0,0
3449272,74361,1070734,33936,2132902,36728,20200504,245636,3697,0,0,0,0
3533358,84086,1105231,34497,2176121,43219,20200505,252006,6370,0,0,0,0
3615888,82530,1139086,33855,2218789,42668,20200506,258013,6007,0,0,0,0
3708223,92335,1174401,35315,2270219,51430,20200507,263603,5590,0,0,0,0
3803182,94959,1208235,33834,2325588,55369,20200508,269359,5756,0,0,0,0
3890122,86940,1259583,51348,2356903,31315,20200509,273636,4277,0,0,0,0
3967297,77175,1299401,39818,2390720,33817,20200510,277176,3540,0,0,0,0
4034363,67066,1351035,51634,2402898,12178,20200511,280430,3254,0,0,0,0
4128870,94507,1379596,28561,2463121,60223,20200512,286153,5723,0,0,0,0
4214734,85864,1428157,48561,2495457,32336,20200513,291120,4967,0,0,0,0
4310953,96219,1470553,42396,2543339,47882,20200514,297061,5941,0,0,0,0
4407760,96807,1517243,46690,2587446,44107,20200515,303071,6010,0,0,0,0
4494716,86956,1561357,44114,2627116,39670,20200516,306243,3172,0,0,0,0
4586225,91509,1625318,63961,2650531,23415,20200517,310376,4133,0,0,0,0
4669200,82975,1674483,49165,2681445,30914,20200518,313272,2896,0,0,0,0
4760912,91712,1723268,48785,2720062,38617,20200519,317582,4310,0,0,0,0
4863877,102965,1781952,58684,2759255,39193,20200520,322670,5088,0,0,0,0
4973760,109883,1849163,67211,2796692,37437,20200521,327905,5235,0,0,0,0
5076825,103065,1942325,93162,2801870,5178,20200522,332630,4725,0,0,0,0
5172234,95409,2000655,58330,2834759,32889,20200523,336820,4190,0,0,0,0
5274570,102336,2044519,43864,2890095,55336,20200524,339956,3136,0,0,0,0
5356480,81910,2089269,44750,2926550,36455,20200525,340661,705,0,0,0,0
5459217,102737,2155090,65821,2958613,32063,20200526,345514,4853,0,0,0,0
5554586,95369,2211240,56150,2993647,35034,20200527,349699,4185,0,0,0,0
5673193,118607,2287641,76401,3030352,36705,20200528,355200,5501,0,0,0,0
5798816,125623,2349684,62043,3089378,59026,20200529,359754,4554,0,0,0,0
5923380,124564,2414821,65137,3144994,55616,20200530,363565,3811,0,0,0,0
6030007,106627,2487882,73061,3173544,28550,20200531,368581,5016,0,0,0,0
6118879,88872,2536221,48339,3213205,39661,20200601,369453,872,0,0,0,0
6252243,133364,2637879,101658,3239301,26096,20200602,375063,5610,0,0,0,0
6352484,100241,2708147,70268,3264843,25542,20200603,379494,4431,0,0,0,0
6474729,122245,2749752,41605,3341084,76241,20200604,383893,4399,0,0,0,0
6609609,134880,2822312,72560,3397947,56863,20200605,389350,5457,0,0,0,0
6738450,128841,2906236,83924,3438681,40734,20200606,393533,4183,0,0,0,0
6870826,132376,2979920,73684,3492998,54317,20200607,397908,4375,0,0,0,0
6978493,107667,3043646,63726,3533678,40680,20200608,401169,3261,0,0,0,0
7095599,117106,3106083,62437,3584340,50662,20200609,405176,4007,0,0,0,0
7236158,140559,3227819,121736,3597853,13513,20200610,410486,5310,0,0,0,0
7370100,133942,3295714,67895,3659088,61235,20200611,415298,4812,0,0,0,0
7529047,158947,3363917,68203,3744335,85247,20200612,420795,5497,0,0,0,0
7645397,116350,3440293,76376,3780372,36037,20200613,424732,3937,0,0,0,0
7774981,129584,3856839,416546,3490167,-290205,20200614,427975,3243,0,0,0,0
7899860,124879,3590247,-266592,3878078,387911,20200615,431535,3560,0,0,0,0
8038699,138839,3660241,69994,3941823,63745,20200616,436635,5100,0,0,0,0
8212002,173303,3752016,91775,4016554,74731,20200617,443432,6797,0,0,0,0
8338346,126344,3831943,79927,4058684,42130,20200618,447719,4287,0,0,0,0
8525536,187190,3920157,88214,4150661,91977,20200619,454718,6999,0,0,0,0
8684847,159311,4023584,103427,4202164,51503,20200620,459099,4381,0,0,0,0
8811434,126587,4080939,57355,4267668,65504,20200621,462827,3728,0,0,0,0
8948177,136743,4157124,76185,4325212,57544,20200622,465841,3014,0,0,0,0
9121853,173676,4291818,134694,4358125,32913,20200623,471910,6069,0,0,0,0
9292829,170976,4396765,104947,4418885,60760,20200624,477179,5269,0,0,0,0
9499964,207135,4467704,70939,4547094,128209,20200625,485166,7987,0,0,0,0
9661068,161104,4583347,115643,4589065,41971,20200626,488656,3490,0,0,0,0
9820655,159587,4660718,77371,4667499,78434,20200627,492438,3782,0,0,0,0
9998341,177686,4770659,109941,4731324,63825,20200628,496358,3920,0,0,0,0
10156911,158570,5030859,260200,4625981,-105343,20200629,500071,3713,0,0,0,0
10328123,171212,5172419,141560,4650021,24040,20200630,505683,5612,0,0,0,0
10526515,198392,5244549,72130,4772194,122173,20200701,509772,4089,0,0,0,0
10670393,143878,5398274,153725,4757718,-14476,20200702,514401,4629,0,0,0,0
10916205,245812,5582773,184499,4813343,55625,20200703,520089,5688,0,0,0,0
11099023,182818,5831475,248702,4743152,-70191,20200704,524396,4307,0,0,0,0
11278543,179520,5912014,80539,4838310,95158,20200705,528219,3823,0,0,0,0
11456020,177477,5999304,87290,4924967,86657,20200706,531749,3530,0,0,0,0
11654530,198510,6167426,168122,4950058,25091,20200707,537046,5297,0,0,0,0
11869991,215461,6283589,116163,5043723,93665,20200708,542679,5633,0,0,0,0
12065176,195185,6445856,162267,5071447,27724,20200709,547873,5194,0,0,0,0
12319309,254133,6515943,70087,5250122,178675,20200710,553244,5371,0,0,0,0
12546408,227099,6738619,222676,5249136,-986,20200711,558653,5409,0,0,0,0
12743691,197283,6725031,-13588,5456046,206910,20200712,562614,3961,0,0,0,0
12935850,192159,6950627,225596,5418657,-37389,20200713,566566,3952,0,0,0,0
13149194,213344,7059195,108568,5517722,99065,20200714,572277,5711,0,0,0,0
13388760,239566,7185019,125824,5626177,108455,20200715,577564,5287,0,0,0,0
13629264,240504,7428205,243186,5617912,-8265,20200716,583147,5583,0,0,0,0
13870028,240764,7534097,105892,5747253,129341,20200717,588678,5531,0,0,0,0
14094339,224311,7609320,75223,5889563,142310,20200718,595456,6778,0,0,0,0
14325069,230730,7727413,118093,5997376,107813,20200719,600280,4824,0,0,0,0
14528212,203143,9696654,1969241,4227424,-1769952,20200720,604134,3854,0,0,0,0
14770444,242232,8047959,-1648695,6112901,1885477,20200721,609584,5450,0,0,0,0
15015062,244618,8209602,161643,6186041,73140,20200722,619419,9835,0,0,0,0
15314177,299115,8431189,221587,6256687,70646,20200723,626301,6882,0,0,0,0
15610931,296754,8640649,209460,6336828,80141,20200724,633454,7153,0,0,0,0
15849543,238612,8769943,129294,6441250,104422,20200725,638350,4896,0,0,0,0
16075026,225483,8915234,145291,6517004,75754,20200726,642788,4438,0,0,0,0
16303398,228372,9107667,192433,6548178,31174,20200727,647553,4765,0,0,0,0
16547645,244247,9301373,193706,6593262,45084,20200728,653010,5457,0,0,0,0
16814142,266497,9516851,215478,6637910,44648,20200729,659381,6371,0,0,0,0
17122050,307908,9722361,205510,6733385,95475,20200730,666304,6923,0,0,0,0
17404816,282766,9940253,217892,6791817,58432,20200731,672746,6442,0,0,0,0
17677211,272395,10071874,131621,6926281,134464,20200801,679056,6310,0,0,0,0
17907725,230514,10183991,112117,7040192,113911,20200802,683542,4486,0,0,0,0
18109367,201642,10357291,173300,7064337,24145,20200803,687739,4197,0,0,0,0
18361268,251901,10544374,187083,7122379,58042,20200804,694515,6776,0,0,0,0
18620385,259117,10782773,238399,7137159,14780,20200805,700453,5938,0,0,0,0
18895216,274831,10958913,176140,7228355,91196,20200806,707948,7495,0,0,0,0
19174490,279274,11126043,167130,7334405,106050,20200807,714042,6094,0,0,0,0
19456814,282324,11262903,136860,7473518,139113,20200808,720393,6351,0,0,0,0
19691746,234932,11448238,185335,7518023,44505,20200809,725485,5092,0,0,0,0
19903944,212198,11600959,152721,7573438,55415,20200810,729547,4062,0,0,0,0
20159433,255489,11799821,198862,7623716,50278,20200811,735896,6349,0,0,0,0
20417825,258392,12138588,338767,7536923,-86793,20200812,742314,6418,0,0,0,0
20672579,254754,12295183,156595,7629688,92765,20200813,747708,5394,0,0,0,0
20985947,313368,12546080,250897,7681045,51357,20200814,758822,11114,0,0,0,0
21295041,309094,12842971,296891,7687050,6005,20200815,765020,6198,0,0,0,0
21537076,242035,13046867,203896,7718127,31077,20200816,772082,7062,0,0,0,0
21726093,189017,13270904,224037,7685006,-33121,20200817,770183,-1899,0,0,0,0
21976701,250608,13459026,188122,7741530,56524,20200818,776145,5962,0,0,0,0
22241419,264718,13708491,249465,7750204,8674,20200819,782724,6579,0,0,0,0
22508828,267409,13920485,211994,7799363,49159,20200820,788980,6256,0,0,0,0
22784470,275642,14090148,169663,7899506,100143,20200821,794816,5836,0,0,0,0
23056095,271625,14274974,184826,7982462,82956,20200822,798659,3843,0,0,0,0
23277439,221344,14464963,189989,8009389,26927,20200823,803087,4428,0,0,0,0
23527163,249724,14599145,134182,8120188,110799,20200824,807830,4743,0,0,0,0
23755513,228350,14853723,254578,8088679,-31509,20200825,813111,5281,0,0,0,0
24025303,269790,15072400,218677,8133548,44869,20200826,819355,6244,0,0,0,0
24294520,269217,15319168,246768,8150065,16517,20200827,825287,5932,0,0,0,0
24700218,405698,15543527,224359,8325598,175533,20200828,831093,5806,0,0,0,0
24857568,157350,15714730,171203,8306211,-19387,20200829,836627,5534,0,0,0,0
25100798,243230,15932346,217616,8327289,21078,20200830,841163,4536,0,0,0,0
25356769,255971,16140306,207960,8371096,43807,20200831,845367,4204,0,0,0,0
25591129,234360,16350201,209895,8390652,19556,20200901,850276,4909,0,0,0,0
25880671,289542,16538720,188519,8485005,94353,20200902,856946,6670,0,0,0,0
26170561,289890,16788918,250198,8518646,33641,20200903,862997,6051,0,0,0,0
26476738,306177,16970505,181587,8637402,118756,20200904,868831,5834,0,0,0,0
26688868,212130,17120089,149584,8695929,58527,20200905,872850,4019,0,0,0,0
27042071,353203,17358505,238416,8805635,109706,20200906,877931,5081,0,0,0,0
27207128,165057,17525605,167100,8799844,-5791,20200907,881679,3748,0,0,0,0
27436386,229258,17759985,234380,8784965,-14879,20200908,891436,9757,0,0,0,0
27683730,247344,17945169,185184,8841567,56602,20200909,896994,5558,0,0,0,0
27994483,310753,18187308,242139,8904094,62527,20200910,903081,6087,0,0,0,0
28315474,320991,18384909,197601,9021243,117149,20200911,909322,6241,0,0,0,0
28598531,283057,18563890,178981,9120398,99155,20200912,914243,4921,0,0,0,0
28859107,260576,18770361,206471,9170195,49797,20200913,918551,4308,0,0,0,0
29124785,265678,19041827,271466,9160186,-10009,20200914,922772,4221,0,0,0,0
29290059,165274,19254916,213089,9108472,-51714,20200915,926671,3899,0,0,0,0
29688514,398455,19508809,253893,9244793,136321,20200916,934912,8241,0,0,0,0
30015279,326765,19712190,203381,9362515,117722,20200917,940574,5662,0,0,0,0
30330866,315587,19927931,215741,9457199,94684,20200918,945736,5162,0,0,0,0
30631021,300155,20098465,170534,9581343,124144,20200919,951213,5477,0,0,0,0
30881698,250677,20441039,342574,9485578,-95765,20200920,955081,3868,0,0,0,0
31174552,292854,20664609,223570,9550261,64683,20200921,959682,4601,0,0,0,0
31470696,296144,20929825,265216,9575201,24940,20200922,965670,5988,0,0,0,0
31753065,282369,21203010,273185,9579311,4110,20200923,970744,5074,0,0,0,0
32079768,326703,21457384,254374,9644902,65591,20200924,977482,6738,0,0,0,0
32399130,319362,21652682,195298,9763430,118528,20200925,983018,5536,0,0,0,0
32704523,305393,21825913,173231,9889954,126524,20200926,988656,5638,0,0,0,0
32958066,253543,21913472,87559,10052067,162113,20200927,992527,3871,0,0,0,0
33234683,276617,22197602,284130,10040494,-11573,20200928,996587,4060,0,0,0,0
33460765,226082,22361302,163700,10098555,58061,20200929,1000908,4321,0,0,0,0
33790012,329247,22635037,273735,10147471,48916,20200930,1007504,6596,0,0,0,0
34109997,319985,22858512,223475,10237789,90318,20201001,1013696,6192,0,0,0,0
34456552,346555,23077914,219402,10356281,118492,20201002,1022357,8661,0,0,0,0
34771173,314621,23294097,216183,10450831,94550,20201003,1026245,3888,0,0,0,0
35011761,240588,23467535,173438,10510132,59301,20201004,1034094,7849,0,0,0,0
35338154,326393,23669021,201486,10631143,121011,20201005,1037990,3896,0,0,0,0
35638036,299882,23915068,246047,10679222,48079,20201006,1043746,5756,0,0,0,0
35983125,345089,24136219,221151,10797267,118045,20201007,1049639,5893,0,0,0,0
36333727,350602,24374519,238300,10903652,106385,20201008,1055556,5917,0,0,0,0
36734023,400296,24597732,223213,11078128,174476,20201009,1058163,2607,0,0,0,0
37078807,344784,24808395,210663,11203056,124928,20201010,1067356,9193,0,0,0,0
37391793,312986,25006433,198038,11313463,110407,20201011,1071897,4541,0,0,0,0
37662806,271013,25244508,238075,11343551,30088,20201012,1074747,2850,0,0,0,0
37981881,319075,25454466,209958,11446794,103243,20201013,1080621,5874,0,0,0,0
38349292,367411,25657560,203094,11605165,158371,20201014,1086567,5946,0,0,0,0
39143785,794493,26081799,424239,11963682,358517,20201016,1098304,11737,0,0,0,0
39455890,312105,26277675,195876,12075071,111389,20201017,1103144,4840,0,0,0,0
39877974,422084,26439485,161810,12329820,254749,20201018,1108669,5525,0,0,0,0
40260045,382071,26691190,251705,12455999,126179,20201019,1112856,4187,0,0,0,0
40708174,448129,26831710,140520,12756315,300316,20201020,1120149,7293,0,0,0,0
40970690,262516,26949163,117453,12897010,140695,20201021,1124517,4368,0,0,0,0
42088066,1117376,27215926,266763,13738352,841342,20201022,1133788,9271,0,0,0,0
42433577,345511,27356860,140934,13938411,200059,20201023,1138306,4518,0,0,0,0
42284267,-149310,27492666,135806,13649285,-289126,20201024,1142316,4010,0,0,0,0
42916976,632709,27783736,291070,13983745,334460,20201025,1149495,7179,0,0,0,0
43474625,557649,27958335,174599,14360226,376481,20201026,1156064,6569,0,0,0,0
43924978,450353,28086204,127869,14675969,315743,20201027,1162805,6741,0,0,0,0
44418355,493377,28251468,165264,14996942,320973,20201028,1169945,7140,0,0,0,0
44977666,559311,28383360,131892,15416776,419834,20201029,1177530,7585,0,0,0,0
45540513,562847,28481150,97790,15874935,458159,20201030,1184428,6898,0,0,0,0
46008679,468166,28707534,226384,16110248,235313,20201031,1190897,6469,0,0,0,0
46324307,315628,28837048,129514,16292938,182690,20201101,1194321,3424,0,0,0,0
46796289,471982,28932065,95017,16664597,371659,20201102,1199627,5306,0,0,0,0
47463850,667561,31291752,2359687,14961208,-1703389,20201103,1210890,11263,0,0,0,0
47793758,329908,31363814,72062,15212991,251783,20201104,1216953,6063,0,0,0,0
48419000,625242,31663663,299849,15529282,316291,20201105,1226055,9102,0,0,0,0
49251822,832822,32290579,626916,15722836,193554,20201106,1238407,12352,0,0,0,0
49859038,607216,32551854,261275,16036079,313243,20201107,1271105,32698,0,0,0,0
50331823,472785,32602191,50337,16477921,441842,20201108,1251711,-19394,0,0,0,0
50823495,491672,32894723,292532,16669156,191235,20201109,1259616,7905,0,0,0,0
51262002,438507,33043358,148635,16952718,283562,20201110,1265926,6310,0,0,0,0
52045645,783643,33436563,393205,17330214,377496,20201111,1278868,12942,0,0,0,0
52694405,648760,33936150,499587,17468815,138601,20201112,1289440,10572,0,0,0,0
53163811,469406,34108793,172643,17758421,289606,20201113,1296597,7157,0,0,0,0
53818654,654843,34444140,335347,18012836,254415,20201114,1361678,65081,0,0,0,0
54476253,657599,34808997,364857,18351733,338897,20201115,1315523,-46155,0,0,0,0
54990215,513962,35145820,336823,18521391,169658,20201116,1323004,7481,0,0,0,0
55530595,540380,35483825,338005,18713609,192218,20201117,1333161,10157,0,0,0,0
56175509,644914,35851578,367753,18978931,265322,20201118,1345000,11839,0,0,0,0
56815246,639737,36272015,420437,19188076,209145,20201119,1355155,10155,0,0,0,0
57480179,664933,36642958,370943,19469343,281267,20201120,1367878,12723,0,0,0,0
57871953,391774,36837252,194294,19661737,192394,20201121,1372964,5086,0,0,0,0
58586758,714805,37290815,453563,19911568,249831,20201122,1384375,11411,0,0,0,0
59107947,521189,37567752,276937,20147994,236426,20201123,1392201,7826,0,0,0,0
59282023,174076,37789349,221597,20097750,-50244,20201124,1394924,2723,0,0,0,0
59853040,571017,38122963,333614,20322255,224505,20201125,1407822,12898,0,0,0,0
60493607,640567,39361509,1238546,19711779,-610476,20201126,1420319,12497,0,0,0,0
61090978,597371,39710730,349221,19949238,237459,20201127,1431010,10691,0,0,0,0
61756772,665794,39341397,-369333,20972934,1023696,20201128,1442441,11431,0,0,0,0
62290057,533285,39689253,347856,21150138,177204,20201129,1450666,8225,0,0,0,0
62813271,523214,40039199,349946,21316437,166299,20201130,1457635,6969,0,0,0,0
63055451,242180,40174069,134870,21420366,103929,20201201,1461016,3381,0,0,0,0
63923733,868282,40888202,714133,21555608,135242,20201202,1479923,18907,0,0,0,0
64719906,796173,41392278,504076,21829203,273595,20201203,1498425,18502,0,0,0,0
65264057,544151,41756624,364346,22001618,172415,20201204,1505815,7390,0,0,0,0
65947893,683836,42156999,400375,22263288,261670,20201205,1527606,21791,0,0,0,0
66563557,615664,42534691,377692,22491896,228608,20201206,1536970,9364,0,0,0,0
66826103,262546,42628957,94266,22667034,175138,20201207,1530112,-6858,0,0,0,0
67588731,762628,43234017,605060,22812051,145017,20201208,1542663,12551,0,0,0,0
68084870,496139,43732716,498699,22798929,-13122,20201209,1553225,10562,0,0,0,0
68869208,784338,44167468,434752,23133907,334978,20201210,1567833,14608,0,0,0,0
70316266,1447058,44576974,409506,24160268,1026361,20201211,1579024,11191,0,0,0,0
71062911,746645,45034258,457284,24436144,275876,20201212,1592509,13485,0,0,0,0
71693522,630611,46952320,1918062,23114744,-1321400,20201213,1626458,33949,0,0,0,0
72235983,542461,46876178,-76142,23749074,634330,20201214,1610731,-15727,0,0,0,0
72828381,592398,54582583,7706405,16626545,-7122529,20201215,1619253,8522,0,0,0,0
73458860,630479,48856238,-5726345,22969190,6342645,20201216,1633432,14179,0,0,0,0
74212709,753849,49338548,482310,23226615,257425,20201217,1647546,14114,0,0,0,0
74931420,718711,53550304,4211756,19720595,-3506020,20201218,1660521,12975,0,0,0,0
75702498,771078,53897651,347347,20128690,408095,20201219,1676157,15636,0,0,0,0
76182329,479831,54229461,331810,20268531,139841,20201220,1684337,8180,0,0,0,0
76798522,616193,50807038,-3422423,24299803,4031272,20201221,1691681,7344,0,0,0,0
77348344,549822,51223534,416496,24423334,123531,20201222,1701476,9795,0,0,0,0
77966007,617663,51739999,516465,24510857,87523,20201223,1715151,13675,0,0,0,0
78649093,683086,52191160,451161,24729715,218858,20201224,1728218,13067,0,0,0,0
79335990,686897,52602414,411254,24993071,263356,20201225,1740505,12287,0,0,0,0
79806803,470813,52931672,329258,25126603,133532,20201226,1748528,8023,0,0,0,0
80303475,496672,53207415,275743,25340907,214304,20201227,1755153,6625,0,0,0,0
80749401,445926,53608399,400984,25378671,37764,20201228,1762331,7178,0,0,0,0
81246932,497531,54884508,1276109,24590107,-788564,20201229,1772317,9986,0,0,0,0
81915811,668879,54532098,-352410,25595846,1005739,20201230,1787867,15550,0,0,0,0
82638914,723103,54997253,465155,25838974,243128,20201231,1802687,14820,0,0,0,0
83481039,842125,55688625,691372,25974967,135993,20210101,1817447,14760,0,0,0,0
83943251,462212,56001217,312592,26116736,141769,20210102,1825298,7851,0,0,0,0
84540719,597468,56306641,305424,26400717,283981,20210103,1833361,8063,0,0,0,0
85073556,532837,56681045,374404,26551919,151202,20210104,1840592,7231,0,0,0,0
85625045,551489,57153545,472500,26620761,68842,20210105,1850739,10147,0,0,0,0
86369178,744133,57711474,557929,26791454,170693,20210106,1866250,15511,0,0,0,0
87169798,800620,59890177,2178703,25398673,-1392781,20210107,1880948,14698,0,0,0,0
87996124,826326,60252618,362441,25846949,448276,20210108,1896557,15609,0,0,0,0
88830136,834012,60562656,310038,26355748,508799,20210109,1911732,15175,0,0,0,0
89537208,707072,60867911,305255,26745469,389721,20210110,1923828,12096,0,0,0,0
90223084,685876,61156999,289088,27133795,388326,20210111,1932290,8462,0,0,0,0
90842549,619465,61493597,336598,27406041,272246,20210112,1942911,10621,0,0,0,0
91534476,691927,61952624,459027,27621640,215599,20210113,1960212,17301,0,0,0,0
92304357,769881,62469071,516447,27858685,237045,20210114,1976601,16389,0,0,0,0
93033599,729242,62875429,406358,28166758,308073,20210115,1991412,14811,0,0,0,0
93812918,779319,63351085,475656,28455788,289030,20210116,2006045,14633,0,0,0,0
94464520,651602,63667525,316440,28777047,321259,20210117,2019948,13903,0,0,0,0
94974691,510171,63978628,311103,28967623,190576,20210118,2028440,8492,0,0,0,0
95534102,559411,64370129,391501,29124913,157290,20210119,2039060,10620,0,0,0,0
96140450,606348,64779196,409067,29306051,181138,20210120,2055203,16143,0,0,0,0
96808018,667568,65163631,384435,29571849,265798,20210121,2072538,17335,0,0,0,0
97496890,688872,65733424,569793,29673661,101812,20210122,2089805,17267,0,0,0,0
98162519,665629,66300752,567328,29755940,82279,20210123,2105827,16022,0,0,0,0
98711991,549472,66609662,308910,29983275,227335,20210124,2119054,13227,0,0,0,0
99144283,432292,67016123,406461,30000760,17485,20210125,2127400,8346,0,0,0,0
99693541,549258,67408572,392449,30134452,133692,20210126,2150517,23117,0,0,0,0
100196240,502699,67768663,360091,30271870,137418,20210127,2155707,5190,0,0,0,0
100841979,645739,68083864,315201,30584839,312969,20210128,2173276,17569,0,0,0,0
101410851,568872,68482632,398768,30739479,154640,20210129,2188740,15464,0,0,0,0
102028263,617412,67607796,-874836,32215892,1476413,20210130,2204575,15835,0,0,0,0
102482072,453809,67882616,274820,32382813,166921,20210131,2216643,12068,0,0,0,0
102894454,412382,67614789,-267827,33054676,671863,20210201,2224989,8346,0,0,0,0
103366826,472372,67957561,342772,33173361,118685,20210202,2235904,10915,0,0,0,0
103754273,387447,68239037,281476,33267343,93982,20210203,2247893,11989,0,0,0,0
104339204,584931,68628894,389857,33443890,176547,20210204,2266420,18527,0,0,0,0
104829159,489955,74780521,6151627,27766425,-5677465,20210205,2282213,15793,0,0,0,0
105344974,515815,75208587,428066,27839510,73085,20210206,2296877,14664,0,0,0,0
105740648,395674,75598855,390268,27834429,-5081,20210207,2307364,10487,0,0,0,0
106069320,328672,75968408,369553,27786751,-47678,20210208,2314161,6797,0,0,0,0
106447267,377947,76413814,445406,27709742,-77009,20210209,2323711,9550,0,0,0,0
106840333,393066,76843218,429404,27658639,-51103,20210210,2338476,14765,0,0,0,0
107295193,454860,77363861,520643,27579040,-79599,20210211,2352292,13816,0,0,0,0
107723363,428170,77733451,369590,27624076,45036,20210212,2365836,13544,0,0,0,0
108178446,455083,78142002,408551,27655023,30947,20210213,2381421,15585,0,0,0,0
108517050,338604,78482116,340114,27643213,-11810,20210214,2391721,10300,0,0,0,0
108804604,287554,78772430,290314,27634208,-9005,20210215,2397966,6245,0,0,0,0
109096966,292362,79161611,389181,27529687,-104521,20210216,2405668,7702,0,0,0,0
109462374,365408,62938593,-16223018,44107038,16577351,20210217,2416743,11075,0,0,0,0
109850513,388139,79938154,16999561,27484650,-16622388,20210218,2427709,10966,0,0,0,0
110252603,402090,80365204,427050,27448393,-36257,20210219,2439006,11297,0,0,0,0
110700333,447730,80646173,280969,27603521,155128,20210220,2450639,11633,0,0,0,0
110999863,299530,80822533,176360,27720663,117142,20210221,2456667,6028,0,0,0,0
111355101,355238,81238561,416028,27652590,-68073,20210222,2463950,7283,0,0,0,0
111666784,311683,81605890,367329,27588849,-63741,20210223,2472045,8095,0,0,0,0
112062653,395869,81952502,346612,27627062,38213,20210224,2483089,11044,0,0,0,0
112513503,450850,82341101,388599,27676960,49898,20210225,2495442,12353,0,0,0,0
112952202,438699,82673121,332020,27773266,96306,20210226,2505815,10373,0,0,0,0
113391914,439712,82999040,325919,27877054,103788,20210227,2515820,10005,0,0,0,0
113755151,363237,83274379,275339,27957565,80511,20210228,2523207,7387,0,0,0,0
113993060,237909,83505989,231610,27959886,2321,20210301,2527185,3978,0,0,0,0
114386106,393046,83923711,417722,27925644,-34242,20210302,2536751,9566,0,0,0,0
114758389,372283,84255465,331754,27956055,30411,20210303,2546869,10118,0,0,0,0
115138925,380536,84611322,355857,27969313,13258,20210304,2558290,11421,0,0,0,0
115556766,417841,84905073,293751,28084423,115110,20210305,2567270,8980,0,0,0,0
116017796,461030,85252573,347500,28187169,102746,20210306,2578054,10784,0,0,0,0
116404191,386395,85549045,296472,28269729,82560,20210307,2585417,7363,0,0,0,0
116686111,281920,85787482,238437,28308779,39050,20210308,2589850,4433,0,0,0,0
117080202,394091,86168227,380745,28314261,5482,20210309,2597714,7864,0,0,0,0
117629890,549688,86662048,493821,28358055,43794,20210310,2609787,12073,0,0,0,0
118105839,475949,87036686,374638,28449468,91413,20210311,2619685,9898,0,0,0,0
118610195,504356,87404843,368157,28576643,127175,20210312,2628709,9024,0,0,0,0
119087363,477168,88884441,1479598,27564741,-1011902,20210313,2638181,9472,0,0,0,0
119571043,483680,89252211,367770,27671606,106865,20210314,2647226,9045,0,0,0,0
119815818,244775,89413491,161280,27733543,61937,20210315,2668784,21558,0,0,0,0
120276134,460316,89880143,466652,27717427,-16116,20210316,2678564,9780,0,0,0,0
120651522,375388,90184146,304003,27777247,59820,20210317,2690129,11565,0,0,0,0
121171784,520262,90556249,372103,27916279,139032,20210318,2699256,9127,0,0,0,0
121701166,529382,90858431,302182,28153470,237191,20210319,2689265,-9991,0,0,0,0
122226238,525072,91137490,279059,28390766,237296,20210320,2697982,8717,0,0,0,0
122912908,686670,91686656,549166,28516128,125362,20210321,2710124,12142,0,0,0,0
123247381,334473,91900739,214083,28631561,115433,20210322,2715081,4957,0,0,0,0
123715726,468345,92363174,462435,28629488,-2073,20210323,2723064,7983,0,0,0,0
124258252,542526,92943895,580721,28579903,-49585,20210324,2734454,11390,0,0,0,0
124797006,538754,93321167,377272,28731648,151745,20210325,2744191,9737,0,0,0,0
125582338,785332,93782838,461671,29021467,289819,20210326,2778033,33842,0,0,0,0
126177515,595177,94163904,381066,29223834,202367,20210327,2789777,11744,0,0,0,0
126781535,604020,94575835,411931,29406420,182586,20210328,2799280,9503,0,0,0,0
127122029,340494,94811575,235740,29506599,100179,20210329,2803855,4575,0,0,0,0
127721856,599827,95353833,542258,29553500,46901,20210330,2814523,10668,0,0,0,0
128293371,571515,95800080,446247,29665948,112448,20210331,2827343,12820,0,0,0,0
128925962,632591,96253107,453027,29834032,168084,20210401,2838823,11480,0,0,0,0
129638623,712661,96704443,451336,30083194,249162,20210402,2850986,12163,0,0,0,0
130256304,617681,97098682,394239,30296755,213561,20210403,2860867,9881,0,0,0,0
130798484,542180,97532243,433561,30396806,100051,20210404,2869435,8568,0,0,0,0
131240915,442431,97880069,347826,30485633,88827,20210405,2875213,5778,0,0,0,0
131808716,567801,98417331,537262,30507866,22233,20210406,2883519,8306,0,0,0,0
132358762,550046,98842645,425314,30620164,112298,20210407,2895953,12434,0,0,0,0
133056072,697310,99393128,550483,30753025,132861,20210408,2909919,13966,0,0,0,0
133922733,866661,99874235,481107,31122165,369140,20210409,2926333,16414,0,0,0,0
134594378,671645,100321170,446935,31334518,212353,20210410,2938690,12357,0,0,0,0
135232835,638457,100732178,411008,31553271,218753,20210411,2947386,8696,0,0,0,0
135961451,728616,101363067,630889,31638539,85268,20210412,2959845,12459,0,0,0,0
136523994,562543,101806628,443561,31748405,109866,20210413,2968961,9116,0,0,0,0
137514926,990932,102413187,606559,32113208,364803,20210414,2988531,19570,0,0,0,0
138077516,562590,102885541,472354,32196653,83445,20210415,2995322,6791,0,0,0,0
138958771,881255,103457674,572133,32492107,295454,20210416,3008990,13668,0,0,0,0
139656174,697403,103928576,470902,32705940,213833,20210417,3021658,12668,0,0,0,0
140546361,890187,104663276,734700,32849134,143194,20210418,3033951,12293,0,0,0,0
141193320,646959,105165014,501738,32986103,136969,20210419,3042203,8252,0,0,0,0
141919266,725946,105779157,614143,33086956,100853,20210420,3053153,10950,0,0,0,0
142754729,835463,106464489,685332,33222020,135064,20210421,3068220,15067,0,0,0,0
143573940,819211,107069132,604643,33423787,201767,20210422,3081021,12801,0,0,0,0
144349910,775970,107555247,486115,33701576,277789,20210423,3093087,12066,0,0,0,0
145373685,1023775,108362231,806984,33902980,201404,20210424,3108474,15387,0,0,0,0
146169721,796036,108926110,563879,34122928,219948,20210425,3120683,12209,0,0,0,0
146803607,633886,109381681,455571,34293923,170995,20210426,3128003,7320,0,0,0,0
147632567,828960,110321858,940177,34167774,-126149,20210427,3142935,14932,0,0,0,0
148440454,807887,111017044,695186,34265438,97664,20210428,3157972,15037,0,0,0,0
149320683,880229,111797803,780759,34351055,85617,20210429,3171825,13853,0,0,0,0
150236124,915441,112556572,758769,34491687,140632,20210430,3187865,16040,0,0,0,0
151113899,877775,113316080,759508,34595251,103564,20210501,3202568,14703,0,0,0,0
151918000,804101,114033358,717278,34670133,74882,20210502,3214509,11941,0,0,0,0
152591640,673640,114667998,634640,34699633,29500,20210503,3224009,9500,0,0,0,0
153289920,698280,115391914,723916,34663452,-36181,20210504,3234554,10545,0,0,0,0
154087792,797872,116237496,845582,34600337,-63115,20210505,3249959,15405,0,0,0,0
154902166,814374,116990988,753492,34646350,46013,20210506,3264828,14869,0,0,0,0
155762579,860413,117725688,734700,34758799,112449,20210507,3278092,13264,0,0,0,0
156604628,842049,118640688,915000,34672385,-86414,20210508,3291555,13463,0,0,0,0
157372831,768203,119314218,673530,34754855,82470,20210509,3303758,12203,0,0,0,0
158063659,690828,119985090,670872,34764696,9841,20210510,3313873,10115,0,0,0,0
158720024,656365,120830914,845824,34564181,-200515,20210511,3324929,11056,0,0,0,0
159446082,726058,121595652,764738,34511130,-53051,20210512,3339300,14371,0,0,0,0
160177745,731663,122367257,771605,34457607,-53523,20210513,3352881,13581,0,0,0,0
160948533,770788,123096712,729455,34485834,28227,20210514,3365987,13106,0,0,0,0
161675177,726644,123741630,644918,34554534,68700,20210515,3379013,13026,0,0,0,0
162318979,643802,124705594,963964,34222888,-331646,20210516,3390497,11484,0,0,0,0
162898455,579476,125542012,836418,33955741,-267147,20210517,3400702,10205,0,0,0,0
163455512,557057,126235772,693760,33808086,-147655,20210518,3411654,10952,0,0,0,0
164082594,627082,126997720,761948,33658267,-149819,20210519,3426607,14953,0,0,0,0
164742337,659743,127842150,844430,33460096,-198171,20210520,3440091,13484,0,0,0,0
165364155,621818,128536435,694285,33376065,-84031,20210521,3451655,11564,0,0,0,0
165997311,633156,129214793,678358,33317638,-58427,20210522,3464880,13225,0,0,0,0
166567035,569724,129972367,757574,33118341,-199297,20210523,3476327,11447,0,0,0,0
167069214,502179,130599122,626755,32983998,-134343,20210524,3486094,9767,0,0,0,0
167564894,495680,131257296,658174,32810574,-173424,20210525,3497024,10930,0,0,0,0
168069558,504664,131917241,659945,32642066,-168508,20210526,3510251,13227,0,0,0,0
168614376,544818,132559227,641986,32532069,-109997,20210527,3523080,12829,0,0,0,0
169191473,577097,133211823,652596,32443785,-88284,20210528,3535865,12785,0,0,0,0
169637698,446225,134050516,838693,32040844,-402941,20210529,3546338,10473,0,0,0,0
170168111,530413,134808100,757584,31801551,-239293,20210530,3558460,12122,0,0,0,0
170577294,409183,135366552,558452,31644050,-157501,20210531,3566692,8232,0,0,0,0
170960184,382890,135863267,496715,31521292,-122758,20210601,3575625,8933,0,0,0,0
171443995,483811,136602816,739549,31250290,-271002,20210602,3590889,15264,0,0,0,0
171906378,462383,137195514,592698,31108725,-141565,20210603,3602139,11250,0,0,0,0
172194949,288571,137574286,378772,31012992,-95733,20210604,3607671,5532,0,0,0,0
172803632,608683,138210069,635783,30972027,-40965,20210605,3621536,13865,0,0,0,0
173171017,367385,138704763,494694,30835421,-136606,20210606,3630833,9297,0,0,0,0
173474992,303975,139162247,457484,30675238,-160183,20210607,3637507,6674,0,0,0,0
173808054,333062,139613540,451293,30548716,-126522,20210608,3645798,8291,0,0,0,0
174241245,433191,140160676,547136,30305793,-242923,20210609,3774776,128978,0,0,0,0
174483930,242685,140550575,389899,30153258,-152535,20210610,3780097,5321,0,0,0,0
174997192,513262,141107452,556877,30093994,-59264,20210611,3795746,15649,0,0,0,0
175364254,367062,141561764,454312,29996641,-97353,20210612,3805849,10103,0,0,0,0
175895965,531711,142082415,520651,29992733,-3908,20210613,3820817,14968,0,0,0,0
176208828,312863,142448326,365911,29931679,-61054,20210614,3828823,8006,0,0,0,0
176454195,245367,142750899,302573,29867085,-64594,20210615,3836211,7388,0,0,0,0
176777733,323538,143345592,594693,29586442,-280643,20210616,3845699,9488,0,0,0,0
177253231,475498,143865766,520174,29528274,-58168,20210617,3859191,13492,0,0,0,0
177672636,419405,144272210,406444,29531291,3017,20210618,3869135,9944,0,0,0,0
178062623,389987,144661318,389108,29523094,-8197,20210619,3878211,9076,0,0,0,0
178435242,372619,145033871,372553,29514467,-8627,20210620,3886904,8693,0,0,0,0
179221784,786542,145824175,790304,29504392,-10075,20210621,3893217,6313,0,0,0,0
179490347,268563,146162901,338726,29428203,-76189,20210622,3899243,6026,0,0,0,0
179870079,379732,146638297,475396,29323197,-105006,20210623,3908585,9342,0,0,0,0
180293867,423788,146990378,352081,29386101,62904,20210624,3917388,8803,0,0,0,0
180718510,424643,147332419,342041,29459673,73572,20210625,3926418,9030,0,0,0,0
181083652,365142,147621398,288979,29527693,68020,20210626,3934561,8143,0,0,0,0
181417819,334167,147897014,275616,29579098,51405,20210627,3941707,7146,0,0,0,0
181783088,365269,148231589,334575,29602614,23516,20210628,3948885,7178,0,0,0,0
182060335,277247,148465451,233862,29640674,38060,20210629,3954210,5325,0,0,0,0
182146419,86084,148510097,44646,29680461,39787,20210630,3955861,1651,0,0,0,0
182715326,568907,149071865,561768,29674807,-5654,20210701,3968654,12793,0,0,0,0
183222712,507386,149534251,462386,29705645,30838,20210702,3982816,14162,0,0,0,0
183733563,510851,149979901,445650,29763579,57934,20210703,3990083,7267,0,0,0,0
184069611,336048,150273360,293459,29799213,35634,20210704,3997038,6955,0,0,0,0
184476331,406720,150661240,387880,29809613,10400,20210705,4005478,8440,0,0,0,0
184855896,379565,151032822,371582,29810628,1015,20210706,4012446,6968,0,0,0,0
185282897,427001,151370448,337626,29891295,80667,20210707,4021154,8708,0,0,0,0
185763189,480292,151864633,494185,29868291,-23004,20210708,4030265,9111,0,0,0,0
186288122,524933,152264581,399948,29983922,115631,20210709,4039619,9354,0,0,0,0
186750655,462533,152575935,311354,30127751,143829,20210710,4046969,7350,0,0,0,0
187197325,446670,152952260,376325,30189584,61833,20210711,4055481,8512,0,0,0,0
187518234,320909,153258394,306134,30199137,9553,20210712,4060703,5222,0,0,0,0
187993591,475357,153662010,403616,30262952,63815,20210713,4068629,7926,0,0,0,0
188558227,564636,154077407,415397,30401329,138377,20210714,4079491,10862,0,0,0,0
189059656,501429,154409923,332516,30562154,160825,20210715,4087579,8088,0,0,0,0
189617949,558293,154770329,360406,30750921,188767,20210716,4096699,9120,0,0,0,0
190210658,592709,155090341,320012,31015288,264367,20210717,4105029,8330,0,0,0,0
190668106,457448,155429742,339401,31127252,111964,20210718,4111112,6083,0,0,0,0
191054125,386019,155726576,296834,31209971,82719,20210719,4117578,6466,0,0,0,0
191839103,784978,156018435,291859,31696535,486564,20210720,4124133,6555,0,0,0,0
192311662,472559,156442007,423572,31728069,31534,20210721,4141586,17453,0,0,0,0
192815292,503630,156826806,384799,31834947,106878,20210722,4153539,11953,0,0,0,0
193420933,605641,157224426,397620,32032576,197629,20210723,4163931,10392,0,0,0,0
194088470,667537,157614496,390070,32301347,268771,20210724,4172627,8696,0,0,0,0
194490211,401741,157883488,268992,32397680,96333,20210725,4209043,36416,0,0,0,0
194906687,416476,158177483,293995,32513218,115538,20210726,4215986,6943,0,0,0,0
195361935,455248,158506914,329431,32633452,120234,20210727,4221569,5583,0,0,0,0
195882811,520876,158869807,362893,32784512,151060,20210728,4228492,6923,0,0,0,0
196591179,708368,159413659,543852,32936088,151576,20210729,4241432,12940,0,0,0,0
197266405,675226,159821181,407522,33193069,256981,20210730,4252155,10723,0,0,0,0
197951785,685380,160152063,330882,33539957,346888,20210731,4259765,7610,0,0,0,0
198441813,490028,160489113,337050,33685038,145081,20210801,4267662,7897,0,0,0,0
198764284,322471,160717178,228065,33774959,89921,20210802,4272147,4485,0,0,0,0
199481266,716982,161223300,506122,33975732,200773,20210803,4282234,10087,0,0,0,0
200112196,630930,161598286,374986,34222217,246485,20210804,4291693,9459,0,0,0,0
200785489,673293,162051714,453428,34432369,210152,20210805,4301406,9713,0,0,0,0
201529887,744398,162490100,438386,34727532,295163,20210806,4312255,10849,0,0,0,0
202308697,778810,162879516,389416,35153384,425852,20210807,4275797,-36458,0,0,0,0
202831916,523219,163246348,366832,35300976,147592,20210808,4284592,8795,0,0,0,0
203299251,467335,163650314,403966,35355886,54910,20210809,4293051,8459,0,0,0,0
203945467,646216,164036284,385970,35609026,253140,20210810,4300157,7106,0,0,0,0
204600857,655390,164545718,509434,35744450,135424,20210811,4310689,10532,0,0,0,0
205298033,697176,165076941,531223,35899364,154914,20210812,4321728,11039,0,0,0,0
206030944,732911,165541375,464434,36157328,257964,20210813,4332241,10513,0,0,0,0
206925580,894636,165938913,397538,36639589,482261,20210814,4347078,14837,0,0,0,0
207353380,427800,166218577,279664,36780381,140792,20210815,4354422,7344,0,0,0,0
207839710,486330,166635030,416453,36841627,61246,20210816,4363053,8631,0,0,0,0
208556240,716530,166974677,339647,37208966,367339,20210817,4372597,9544,0,0,0,0
209267300,711060,167486696,512019,37396409,187443,20210818,4384195,11598,0,0,0,0
209923086,655786,167870523,383827,37659250,262841,20210819,4393313,9118,0,0,0,0
210664800,741714,168287635,417112,37971837,312587,20210820,4405328,12015,0,0,0,0
211537764,872964,168684885,397250,38436957,465120,20210821,4415922,10594,0,0,0,0
212139889,602125,169092417,407532,38619986,183029,20210822,4427486,11564,0,0,0,0
212482799,342910,169373294,280877,38676948,56962,20210823,4432557,5071,0,0,0,0
213108074,625275,169794904,421610,38872444,195496,20210824,4440726,8169,0,0,0,0
213838868,730794,170304283,509379,39081630,209186,20210825,4452955,12229,0,0,0,0
214555108,716240,171174001,869718,38917394,-164236,20210826,4463713,10758,0,0,0,0
215236883,681775,171588629,414628,39173860,256466,20210827,4474394,10681,0,0,0,0
216103129,866246,172000969,412340,39616147,442287,20210828,4486013,11619,0,0,0,0
216554009,450880,172445836,444867,39614406,-1741,20210829,4493767,7754,0,0,0,0
216978479,424470,172836177,390341,39642122,27716,20210830,4500180,6413,0,0,0,0
217777704,799225,173354359,518182,39912578,270456,20210831,4510767,10587,0,0,0,0
218339704,562000,173767432,413073,40053161,140583,20210901,4519111,8344,0,0,0,0
219062040,722336,174443151,675719,40087347,34186,20210902,4531542,12431,0,0,0,0
219795624,733584,174948081,504930,40304148,216801,20210903,4543395,11853,0,0,0,0
220437706,642082,175275008,326927,40609837,305689,20210904,4552861,9466,0,0,0,0
221048788,611082,175740951,465943,40746422,136585,20210905,4561415,8554,0,0,0,0
221517107,468319,176197128,456177,40750771,4349,20210906,4569208,7793,0,0,0,0
221837728,320621,176327317,130189,40936695,185924,20210907,4573716,4508,0,0,0,0
222615004,777276,177015637,688320,41013451,76756,20210908,4585916,12200,0,0,0,0
223143726,528722,177516258,500621,41032057,18606,20210909,4595411,9495,0,0,0,0
223823956,680230,178148435,632177,41069777,37720,20210910,4605744,10333,0,0,0,0
224385626,561670,178646988,498553,41124166,54389,20210911,4614472,8728,0,0,0,0
224896909,511283,179153924,506936,41118801,-5365,20210912,4624184,9712,0,0,0,0
225253618,356709,179511039,357115,41113100,-5701,20210913,4629479,5295,0,0,0,0
225926294,672676,180019317,508278,41267406,154306,20210914,4639571,10092,0,0,0,0
226487221,560927,180623539,604222,41214506,-52900,20210915,4649176,9605,0,0,0,0
227055392,568171,181079970,456431,41315964,101458,20210916,4659458,10282,0,0,0,0
227713405,658013,181482295,402325,41561060,245096,20210917,4670050,10592,0,0,0,0
228228288,514883,181832799,350504,41717455,156395,20210918,4678034,7984,0,0,0,0
228631228,402940,182161885,329086,41785702,68247,20210919,4683641,5607,0,0,0,0
228898899,267671,182403952,242067,41806812,21110,20210920,4688135,4494,0,0,0,0
229449958,551059,182991715,587763,41763402,-43410,20210921,4694841,6706,0,0,0,0
229997853,547895,183544926,553211,41748751,-14651,20210922,4704176,9335,0,0,0,0
230755240,757387,184106191,561265,41930181,181430,20210923,4718868,14692,0,0,0,0
231212522,457282,184401696,295505,42082848,152667,20210924,4727978,9110,0,0,0,0
231691551,479029,184869557,467861,42087524,4676,20210925,4734470,6492,0,0,0,0
232192714,501163,185225026,355469,42224256,136732,20210926,4743432,8962,0,0,0,0
232457599,264885,185500047,275021,42209631,-14625,20210927,4747921,4489,0,0,0,0
233074258,616659,186070380,570333,42244987,35356,20210928,4758891,10970,0,0,0,0
233369107,294849,186325687,255307,42279933,34946,20210929,4763487,4596,0,0,0,0
233949042,579935,186852294,526607,42320987,41054,20210930,4775761,12274,0,0,0,0
234397167,448125,187204895,352601,42408804,87817,20211001,4783468,7707,0,0,0,0
234853381,456214,187683377,478482,42378991,-29813,20211002,4791013,7545,0,0,0,0
235071582,218201,187784842,101465,42491996,113005,20211003,4794744,3731,0,0,0,0
235504890,433308,188062971,278129,42636498,144502,20211004,4805421,10677,0,0,0,0
235941416,436526,183549648,-4513323,47581170,4944672,20211005,4810598,5177,0,0,0,0
236560427,619011,200058058,16508410,31682688,-15898482,20211006,4819681,9083,0,0,0,0
236920567,360140,200168263,110205,31926315,243627,20211007,4825989,6308,0,0,0,0
237656367,735800,200272943,104680,32544685,618370,20211008,4838739,12750,0,0,0,0
238138314,481947,201382098,1109155,31908196,-636489,20211009,4848020,9281,0,0,0,0
238419033,280719,201623806,241708,31942994,34798,20211010,4852233,4213,0,0,0,0
238701685,282652,201770936,147130,32074776,131782,20211011,4855973,3740,0,0,0,0
239191108,489423,202098411,327475,32229230,154454,20211012,4863467,7494,0,0,0,0
239598854,407746,202415811,317400,32312275,83045,20211013,4870768,7301,0,0,0,0
239943413,344559,202620379,204568,32445466,133191,20211014,4877568,6800,0,0,0,0
240452774,509361,202820939,200560,32745201,299735,20211015,4886634,9066,0,0,0,0
240919776,467002,203080226,259287,32944621,199420,20211016,4894929,8295,0,0,0,0
241201204,281428,203225754,145528,33076483,131862,20211017,4898967,4038,0,0,0,0
241474610,273406,203338385,112631,33233399,156916,20211018,4902826,3859,0,0,0,0
241806073,331463,203659445,321060,33239363,5964,20211019,4907265,4439,0,0,0,0
242402834,596761,203881548,222103,33602871,363508,20211020,4918415,11150,0,0,0,0
242830504,427670,204118822,237274,33784981,182110,20211021,4926701,8286,0,0,0,0
243296472,465968,204428218,309396,33933616,148635,20211022,4934638,7937,0,0,0,0
243785010,488538,204645787,217569,34196712,263096,20211023,4942511,7873,0,0,0,0
244087554,302544,204783319,137532,34356950,160238,20211024,4947285,4774,0,0,0,0
244393509,305955,204897917,114598,34544048,187098,20211025,4951544,4259,0,0,0,0
244922145,528636,205239265,341348,34722622,178574,20211026,4960258,8714,0,0,0,0
245315139,392994,205434334,195069,34913494,190872,20211027,4967311,7053,0,0,0,0
245776895,461756,205646249,211915,35153831,240337,20211028,4976815,9504,0,0,0,0
246303666,526771,205838471,192222,35479175,325344,20211029,4986020,9205,0,0,0,0
246777648,473982,206061432,222961,35721215,242040,20211030,4995001,8981,0,0,0,0
247088955,311307,206134121,72689,35955746,234531,20211031,4999088,4087,0,0,0,0
247397716,308761,206306176,172055,36087888,132142,20211101,5003652,4564,0,0,0,0
247945848,548132,206602571,296395,36330700,242812,20211102,5012577,8925,0,0,0,0
248348350,402502,206862085,259514,36466442,135742,20211103,5019823,7246,0,0,0,0
248822962,474612,207018538,156453,36776780,310338,20211104,5027644,7821,0,0,0,0
249321121,498159,207398050,379512,36887823,111043,20211105,5035248,7604,0,0,0,0
249849775,528654,207598654,200604,37207295,319472,20211106,5043826,8578,0,0,0,0
250160589,310814,207740941,142287,37371324,164029,20211107,5048324,4498,0,0,0,0
250501564,340975,207852488,111547,37595792,224468,20211108,5053284,4960,0,0,0,0
251091650,590086,208135527,283039,37894156,298364,20211109,5061967,8683,0,0,0,0
251540938,449288,208319329,183802,38152293,258137,20211110,5069316,7349,0,0,0,0
252068559,527621,208611434,292105,38379430,227137,20211111,5077695,8379,0,0,0,0
252594118,525559,208805187,193753,38704203,324773,20211112,5084728,7033,0,0,0,0
253014624,420506,209146548,341361,38775808,71605,20211113,5092268,7540,0,0,0,0
253617149,602525,209381847,235299,39135953,360145,20211114,5099349,7081,0,0,0,0
253979391,362242,209521849,140002,39352970,217017,20211115,5104572,5223,0,0,0,0
254609712,630321,209786466,264617,39709590,356620,20211116,5113656,9084,0,0,0,0
255095392,485680,210004318,217852,39970267,260677,20211117,5120807,7151,0,0,0,0
255665867,570475,210273437,269119,40263673,293406,20211118,5128757,7950,0,0,0,0
256280334,614467,210473695,200258,40669364,405691,20211119,5137275,8518,0,0,0,0
257351612,1071278,210683646,209951,41521633,852269,20211120,5146333,9058,0,0,0,0
257771140,419528,210846129,162483,41774475,252842,20211121,5150536,4203,0,0,0,0
258189208,418068,210951475,105346,42082795,308320,20211122,5154938,4402,0,0,0,0
258866494,677286,211274897,323422,42427692,344897,20211123,5163905,8967,0,0,0,0
259495055,628561,211585386,310489,42737598,309906,20211124,5172071,8166,0,0,0,0
260127395,632340,211785110,199724,43161901,424303,20211125,5180384,8313,0,0,0,0
260681168,553773,211925208,140098,43568481,406580,20211126,5187479,7095,0,0,0,0
261273219,592051,212167949,242741,43910157,341676,20211127,5195113,7634,0,0,0,0
261721400,448181,212280248,112299,44241737,331580,20211128,5199415,4302,0,0,0,0
262098722,377322,212440463,160215,44454477,212740,20211129,5203782,4367,0,0,0,0
262868623,769901,212958117,517654,44696617,242140,20211130,5213889,10107,0,0,0,0
263459498,590875,213260615,302498,44977466,280849,20211201,5221417,7528,0,0,0,0
264122792,663294,213542632,282017,45350565,373099,20211202,5229595,8178,0,0,0,0
264840945,718153,213749862,207230,45850489,499924,20211203,5240594,10999,0,0,0,0
265563132,722187,213847735,97873,46467044,616555,20211204,5248353,7759,0,0,0,0
266066855,503723,214134613,286878,46678949,211905,20211205,5253293,4940,0,0,0,0
266489430,422575,214290712,156099,46941816,262867,20211206,5256902,3609,0,0,0,0
267220384,730954,214669415,378703,47282215,340399,20211207,5268754,11852,0,0,0,0
267634884,414500,214954710,285295,47406427,124212,20211208,5273747,4993,0,0,0,0
268498279,863395,216147687,1192977,47066258,-340169,20211209,5284334,10587,0,0,0,0
269152690,654411,216434220,286533,47426249,359991,20211210,5292221,7887,0,0,0,0
269906000,753310,216690741,256521,47913786,487537,20211211,5301473,9252,0,0,0,0
270306782,400782,216774056,83315,48227610,313824,20211212,5305116,3643,0,0,0,0
270814372,507590,216977543,203487,48527385,299775,20211213,5309444,4328,0,0,0,0
271516736,702364,217257266,279723,48941153,413768,20211214,5318317,8873,0,0,0,0
272080176,563440,217550971,293705,49203754,262601,20211215,5325451,7134,0,0,0,0
272800830,720654,217802757,251786,49663912,460158,20211216,5334161,8710,0,0,0,0
273516163,715333,218012502,209745,50161658,497746,20211217,5342003,7842,0,0,0,0
274300354,784191,218164854,152352,50785656,623998,20211218,5349844,7841,0,0,0,0
274700305,399951,218447640,282786,50899785,114129,20211219,5352880,3036,0,0,0,0
275192110,491805,218504282,56642,51331151,431366,20211220,5356677,3797,0,0,0,0
275971304,779194,218891993,387711,51713751,382600,20211221,5365560,8883,0,0,0,0
276708085,736781,219432743,540750,51900634,186883,20211222,5374708,9148,0,0,0,0
277599172,891087,219677022,244279,52539862,639228,20211223,5382288,7580,0,0,0,0
278542608,943436,219974372,297350,53176843,636981,20211224,5391393,9105,0,0,0,0
279407835,865227,220137708,163336,53873791,696948,20211225,5396336,4943,0,0,0,0
280022331,614496,220175953,38245,54445864,572073,20211226,5400514,4178,0,0,0,0
280603939,581608,220408830,232877,54791816,345952,20211227,5403293,2779,0,0,0,0
